"";"PMID";"Title";"Authors";"Citation";"First Author";"Journal/Book";"Publication Year";"Create Date";"PMCID";"NIHMS ID";"DOI";"Screening_Human (1) of Animal (2)";"topic_to_read";"Criteria1_PTSD group / model";"Criteria2_healthy control group";"Criteria3_experimental studie";"Criteria4_adult subjects";"Criteria5_MemoryFC";"Criteria_5a behavioral measure";"Criteria_5b_post trauma measure (cases)";"Criteria_7_Availability";"inclusion.screening";"Data_Subjects_ResSus.split";"full.text.checked";"Screening_Notes_abstract screening";"Screening_Notes_full.screening"
"1";32428628;"Effects of early life social experience on fear extinction and related glucocorticoid profiles - behavioral and neurochemical approaches in a rat model of PTSD";"Lin CC, Cheng PY, Liu YP.";"Behav Brain Res. 2020 Aug 5;391:112686. doi: 10.1016/j.bbr.2020.112686. Epub 2020 May 16.";"Lin CC";"Behav Brain Res";"2020";"43971";"NA";"NA";"10.1016/j.bbr.2020.112686";"2";"els -> ptsd (ook zonder syms!)";"yes sps";"yes";"yes";"yes";"yes";"yes";"yes";NA;"1";"0";"NA";"els + sps maar ook  sps alone, fulll tekst checked";NA
"2";32333135;"The role of glucocorticoid receptors in the induction and prevention of hippocampal abnormalities in an animal model of posttraumatic stress disorder";"Araki M, Fuchikami M, Omura J, Miyagi T, Nagashima N, Okamoto Y, Morinobu S.";"Psychopharmacology (Berl). 2020 Apr 24. doi: 10.1007/s00213-020-05523-x. Online ahead of print.";"Araki M";"Psychopharmacology (Berl)";"2020";"43947";"NA";"NA";"10.1007/s00213-020-05523-x";"2";"cort + hipp -> ptsd";"yes sps";"?";"yes";"yes";"yes";"yes";"yes";NA;"1";"NA";"NA";"hc?";NA
"3";32329303;"The Neurochemical Effects of Prazosin Treatment on Fear Circuitry in a Rat Traumatic Stress Model";"Ketenci S, Acet NG, Sar∆í¬±do∆í√ºan GE, Ayd∆í¬±n B, Cabadak H, G‚àö‚àÇren MZ.";"Clin Psychopharmacol Neurosci. 2020 May 31;18(2):219-230. doi: 10.9758/cpn.2020.18.2.219.";"Ketenci S";"Clin Psychopharmacol Neurosci";"2020";"43946";"PMC7242110";"NA";"10.9758/cpn.2020.18.2.219";"2";"NA -> FC";"yes pss";"?";"yes";"yes";"yes";"yes";"yes";NA;"1";"NA";"NA";"NA";NA
"4";32267780;"Genistein Prevents Single Prolonged Stress-Induced Cognitive Impairment in a Post-Traumatic Stress Disorder Rat Model via Activation of the Serotonergic System";"Lee B, Choi GM, Shim I, Lee H.";"J Med Food. 2020 May;23(5):476-484. doi: 10.1089/jmf.2019.4519. Epub 2020 Apr 8.";"Lee B";"J Med Food";"2020";"43930";"NA";"NA";"10.1089/jmf.2019.4519";"2";"NA";"yes";"?";"yes";"yes";"yes";"yes";"yes";NA;"1";"NA";"NA";"NA";NA
"5";32165120;"Early life social experience affects adulthood fear extinction deficit and associated dopamine profile abnormalities in a rat model of PTSD";"Lin CC, Chen TY, Cheng PY, Liu YP.";"Prog Neuropsychopharmacol Biol Psychiatry. 2020 Jul 13;101:109914. doi: 10.1016/j.pnpbp.2020.109914. Epub 2020 Mar 9.";"Lin CC";"Prog Neuropsychopharmacol Biol Psychiatry";"2020";"43904";"NA";"NA";"10.1016/j.pnpbp.2020.109914";"2";"NA";"yes";"yes";"yes";"yes";"yes";"yes";"yes";NA;"1";"NA";"NA";"NA";NA
"6";32143600;"Silibinin prevents depression-like behaviors in a single prolonged stress rat model: the possible role of serotonin";"Lee B, Choi GM, Sur B.";"BMC Complement Med Ther. 2020 Mar 6;20(1):70. doi: 10.1186/s12906-020-2868-y.";"Lee B";"BMC Complement Med Ther";"2020";"43898";"PMC7076861";"NA";"10.1186/s12906-020-2868-y";"2";"NA";"yes";"?";"yes";"yes";"yes";"yes";"yes";NA;"1";"NA";"NA";"NA";NA
"7";32133592;"Evaluation of the Effect of Prazosin Treatment on ≈í¬±-2c Adrenoceptor and Apoptosis Protein Levels in the Predator Scent-Induced Rat Model of Post-Traumatic Stress Disorder";"Aykac A, ‚âà√ªehirli A‚àö√±, G‚àö‚àÇren MZ.";"J Mol Neurosci. 2020 Mar 4. doi: 10.1007/s12031-020-01518-7. Online ahead of print.";"Aykac A";"J Mol Neurosci";"2020";"43896";"NA";"NA";"10.1007/s12031-020-01518-7";"2";"NA";"yes";"?";"yes";"yes";"yes";"yes";"yes";NA;"1";"NA";"NA";"NA";NA
"8";32112915;"Mechanisms of Memory Impairment Induced by Orexin-A via Orexin 1 and Orexin 2 Receptors in Post-traumatic Stress Disorder Rats";"Han D, Han F, Shi Y, Zheng S, Wen L.";"Neuroscience. 2020 Apr 15;432:126-136. doi: 10.1016/j.neuroscience.2020.02.026. Epub 2020 Feb 27.";"Han D";"Neuroscience";"2020";"43891";"NA";"NA";"10.1016/j.neuroscience.2020.02.026";"2";"NA";"yes";"?";"yes";"yes";"yes";"yes";"yes";NA;"1";"NA";"NA";"NA";NA
"9";32066681;"Emotional remodeling with oxytocin durably rescues trauma-induced behavioral and neuro-morphological changes in rats: a promising treatment for PTSD";"Le Dorze C, Borreca A, Pignataro A, Ammassari-Teule M, Gisquet-Verrier P.";"Transl Psychiatry. 2020 Jan 27;10(1):27. doi: 10.1038/s41398-020-0714-0.";"Le Dorze C";"Transl Psychiatry";"2020";"43880";"PMC7026036";"NA";"10.1038/s41398-020-0714-0";"2";"NA";"yes";"?";"yes";"yes";"yes (SR)";"yes";"yes";NA;"1";"yes";"NA";"NA";NA
"10";32044404;"Investigating the role of the amygdala orexin receptor 1 in memory acquisition and extinction in a rat model of PTSD";"Salehabadi S, Abrari K, Elahdadi Salmani M, Nasiri M, Lashkarbolouki T.";"Behav Brain Res. 2020 Apr 20;384:112455. doi: 10.1016/j.bbr.2019.112455. Epub 2020 Feb 7.";"Salehabadi S";"Behav Brain Res";"2020";"43873";"NA";"NA";"10.1016/j.bbr.2019.112455";"2";"NA";"yes";"yes";"yes";"yes";"yes";"yes";"yes";NA;"1";"NA";"NA";"NA";NA
"11";32024104;"Hippocampal CCR5/RANTES Elevations in a Rodent Model of Post-Traumatic Stress Disorder: Maraviroc (a CCR5 Antagonist) Increases Corticosterone Levels and Enhances Fear Memory Consolidation";"Merino JJ, Mu‚àö¬±et‚àö‚â•n-Gomez V, Mu‚àö¬±et‚àö‚â•n-G‚àö‚â•mez C, P‚àö¬©rez-Izquierdo M‚àö√Ö, Loscertales M, Toledano Gasca A.";"Biomolecules. 2020 Feb 1;10(2):212. doi: 10.3390/biom10020212.";"Merino JJ";"Biomolecules";"2020";"43868";"PMC7072246";"NA";"10.3390/biom10020212";"2";"NA";"yes";"yes";"yes";"yes";"yes";"yes";"yes";"yes";"1";"NA";"1";"fc sterkte? / restrained duur te lang";"21 day restrained stress; FC 1mA; also HC and fc only groups (without chronic restrained)"
"12";32008312;"Anxiolytic-like effects of treadmill exercise on an animal model of post-traumatic stress disorder and its mechanism";"Zhang J, Xue R, Li YF, Zhang YZ, Wei HW.";"J Sports Med Phys Fitness. 2020 Jan;60(1):172-179. doi: 10.23736/S0022-4707.20.10120-8.";"Zhang J";"J Sports Med Phys Fitness";"2020";"43865";"NA";"NA";"10.23736/S0022-4707.20.10120-8";"2";"sport & brain ptsd";"? Time-dependent sensitization model?";"yes";"yes";"yes";"yes";"yes";"yes";"no?";"?";"NA";"NA";"check ptsd model";"full tekst not available requested on RG"
"13";31903815;"A novel stress re-stress model: modification of re-stressor cue induces long-lasting post-traumatic stress disorder-like symptoms in rats";"Prajapati SK, Singh N, Garabadu D, Krishnamurthy S.";"Int J Neurosci. 2020 Jan 12:1-12. doi: 10.1080/00207454.2019.1711078. Online ahead of print.";"Prajapati SK";"Int J Neurosci";"2020";"43837";"NA";"NA";"10.1080/00207454.2019.1711078";"2";"NA";"yes";"?";"yes";"yes";"yes (SR)";"yes";"yes";NA;"1";"NA";"NA";"NA";NA
"14";31869485;"Administration of moclobemide facilitates fear extinction and attenuates anxiety-like behaviors by regulating synaptic-associated proteins in a rat model of post-traumatic stress disorder";"Xiao B, Han F, Shi Y.";"Synapse. 2020 Jun;74(6):e22146. doi: 10.1002/syn.22146. Epub 2020 Feb 17.";"Xiao B";"Synapse";"2020";"43823";"NA";"NA";"10.1002/syn.22146";"2";"NA";"yes";"?";"yes";"yes";"yes";"yes";"yes";NA;"1";"NA";"NA";"NA";NA
"15";31863872;"Efficient parameters of vagus nerve stimulation to enhance extinction learning in an extinction-resistant rat model of PTSD";"Souza RR, Robertson NM, Mathew E, Tabet MN, Bucksot JE, Pruitt DT, Rennaker RL, Hays SA, McIntyre CK, Kilgard MP.";"Prog Neuropsychopharmacol Biol Psychiatry. 2020 Apr 20;99:109848. doi: 10.1016/j.pnpbp.2019.109848. Epub 2019 Dec 19.";"Souza RR";"Prog Neuropsychopharmacol Biol Psychiatry";"2020";"43821";"NA";"NA";"10.1016/j.pnpbp.2019.109848";"2";"NA";"SPS ""Extiction resistent rat-model ptsd""";"yes";"yes";"yes";"yes";"yes";"yes";"yes";"1";"no";"1";"ptd model?";"sps; control (HC) and sham (SPS only)  groups"
"16";31711893;"Vitamin C attenuates memory loss induced by post-traumatic stress like behavior in a rat model";"Alzoubi KH, Shatnawi AF, Al-Qudah MA, Alfaqih MA.";"Behav Brain Res. 2020 Feb 3;379:112350. doi: 10.1016/j.bbr.2019.112350. Epub 2019 Nov 8.";"Alzoubi KH";"Behav Brain Res";"2020";"43782";"NA";"NA";"10.1016/j.bbr.2019.112350";"2";"vit c to reduce hipp damage in ptsd";"yes";"?";"yes";"yes";"yes";"yes";"yes";NA;"1";"NA";"NA";"NA";NA
"17";31642818;"Protective effects of vortioxetine in predator scent stress model of post-traumatic stress disorder in rats: role on neuroplasticity and apoptosis";"Ozbeyli D, Aykac A, Alaca N, Hazar-Yavuz AN, Ozkan N, Sener G.";"J Physiol Pharmacol. 2019 Aug;70(4). doi: 10.26402/jpp.2019.4.07. Epub 2019 Oct 19.";"Ozbeyli D";"J Physiol Pharmacol";"2019";"43762";"NA";"NA";"10.26402/jpp.2019.4.07";"2";"NA";"yes pss";"?";"yes";"yes";"yes (SR)";"yes";"yes";NA;"1";"NA";"NA";"NA";NA
"18";31622603;"Neuropeptide Y and cannabinoids interaction in the amygdala after exposure to shock and reminders model of PTSD";"Maymon N, Mizrachi Zer-Aviv T, Sabban EL, Akirav I.";"Neuropharmacology. 2020 Jan 1;162:107804. doi: 10.1016/j.neuropharm.2019.107804. Epub 2019 Oct 14.";"Maymon N";"Neuropharmacology";"2020";"43756";"NA";"NA";"10.1016/j.neuropharm.2019.107804";"2";"NA";"yes";"?";"yes";"yes";"yes (SR)";"yes";"yes";NA;"1";"NA";"NA";"NA";NA
"19";31527186;"Single prolonged stress alters neural activation in the periacqueductal gray and midline thalamic nuclei during emotional learning and memory";"Della Valle R, Mohammadmirzaei N, Knox D.";"Learn Mem. 2019 Sep 16;26(10):1-9. doi: 10.1101/lm.050310.119. Print 2019 Oct.";"Della Valle R";"Learn Mem";"2019";"43727";"PMC6749928";"NA";"10.1101/lm.050310.119";"2";"NA";"yes";"yes";"yes";"yes";"yes";"yes";"yes";NA;"1";"NA";"NA";"NA";NA
"20";31444653;"Ketamine Alleviates Fear Generalization Through GluN2B-BDNF Signaling in Mice";"Asim M, Hao B, Yang YH, Fan BF, Xue L, Shi YW, Wang XG, Zhao H.";"Neurosci Bull. 2020 Feb;36(2):153-164. doi: 10.1007/s12264-019-00422-4. Epub 2019 Aug 23.";"Asim M";"Neurosci Bull";"2020";"43702";"PMC6977810";"NA";"10.1007/s12264-019-00422-4";"2";"ketamine & fear gen";"yes";"yes";"yes";"yes";"yes";"yes";"yes";"yes";"1";"no";"1";"ptsd model, check fc AMP";"strong 1.2mA end weak shock groups (0.4 mA) and control (0.mA)"
"21";31434003;"Galanin administration into the prelimbic cortex impairs consolidation and expression of contextual fear conditioning";"Hooversmith JM, Bhatti DL, Holmes PV.";"Behav Brain Res. 2019 Dec 16;375:112160. doi: 10.1016/j.bbr.2019.112160. Epub 2019 Aug 18.";"Hooversmith JM";"Behav Brain Res";"2019";"43699";"NA";"NA";"10.1016/j.bbr.2019.112160";"2";"NA";"yes";"yes";"yes";"yes";"yes";"yes";"yes";"yes";"1";"no";"1";"ptsd model, check fc AMP";"control group & 0.8mA group"
"22";31218539;"Withania somnifera root powder protects againist post-traumatic stress disorder-induced memory impairment";"Alzoubi KH, Al Hilo AS, Al-Balas QA, El-Salem K, El-Elimat T, Alali FQ.";"Mol Biol Rep. 2019 Oct;46(5):4709-4715. doi: 10.1007/s11033-019-04915-3. Epub 2019 Jun 19.";"Alzoubi KH";"Mol Biol Rep";"2019";"43637";"NA";"NA";"10.1007/s11033-019-04915-3";"2";"NA";"yes";"yes";"yes";"yes";"yes";"yes";"yes";NA;"1";"NA";"NA";"NA";NA
"23";31182594;"Elevated dopamine signaling from ventral tegmental area to prefrontal cortical parvalbumin neurons drives conditioned inhibition";"Yan R, Wang T, Zhou Q.";"Proc Natl Acad Sci U S A. 2019 Jun 25;116(26):13077-13086. doi: 10.1073/pnas.1901902116. Epub 2019 Jun 10.";"Yan R";"Proc Natl Acad Sci U S A";"2019";"43628";"PMC6600914";"NA";"10.1073/pnas.1901902116";"2";"NA";"yes sps";"yes";"yes";"yes";"yes";"yes";"yes";"yes";"1";"no";"1";"ptsd+memory?";"sps; safety learning"
"24";31158497;"Microglial cell hyper-ramification and neuronal dendritic spine loss in the hippocampus and medial prefrontal cortex in a mouse model of PTSD";"Smith KL, Kassem MS, Clarke DJ, Kuligowski MP, Bedoya-P‚àö¬©rez MA, Todd SM, Lagopoulos J, Bennett MR, Arnold JC.";"Brain Behav Immun. 2019 Aug;80:889-899. doi: 10.1016/j.bbi.2019.05.042. Epub 2019 May 31.";"Smith KL";"Brain Behav Immun";"2019";"43620";"NA";"NA";"10.1016/j.bbi.2019.05.042";"2";"NA";"yes";"?";"yes";"yes";"yes";"yes";"yes";NA;"1";"NA";"NA";"NA";NA
"25";31147546;"Individual variability in behavior and functional networks predicts vulnerability using an animal model of PTSD";"Dopfel D, Perez PD, Verbitsky A, Bravo-Rivera H, Ma Y, Quirk GJ, Zhang N.";"Nat Commun. 2019 May 30;10(1):2372. doi: 10.1038/s41467-019-09926-z.";"Dopfel D";"Nat Commun";"2019";"43617";"PMC6543038";"NA";"10.1038/s41467-019-09926-z";"2";"lijkt op TIC!";"yes";"?";"yes";"yes";"yes";"yes";"yes";NA;"1";"NA";"NA";"NA";NA
"26";31103345;"The anxiolytic-like effects of ginsenoside Rg2 on an animal model of PTSD";"Gao ZW, Ju RL, Luo M, Wu SL, Zhang WT.";"Psychiatry Res. 2019 Sep;279:130-137. doi: 10.1016/j.psychres.2018.12.034. Epub 2018 Dec 6.";"Gao ZW";"Psychiatry Res";"2019";"43605";"NA";"NA";"10.1016/j.psychres.2018.12.034";"2";"NA";"yes";"?";"yes";"yes";"yes";"yes";"yes";NA;"1";"NA";"NA";"NA";NA
"27";31085186;"Dopamine D2/D3 receptor agonists attenuate PTSD-like symptoms in mice exposed to single prolonged stress";"Malikowska-Racia N, Sa‚âà√áat K, Nowaczyk A, Fija‚âà√ákowski ‚âà√Ö, Popik P.";"Neuropharmacology. 2019 Sep 1;155:1-9. doi: 10.1016/j.neuropharm.2019.05.012. Epub 2019 May 11.";"Malikowska-Racia N";"Neuropharmacology";"2019";"43601";"NA";"NA";"10.1016/j.neuropharm.2019.05.012";"2";"NA";"yes";"?";"yes";"yes";"yes";"yes";"yes";NA;"1";"NA";"NA";"NA";NA
"28";31010369;"Vagus nerve stimulation reverses the extinction impairments in a model of PTSD with prolonged and repeated trauma";"Souza RR, Robertson NM, Pruitt DT, Gonzales PA, Hays SA, Rennaker RL, Kilgard MP, McIntyre CK.";"Stress. 2019 Jul;22(4):509-520. doi: 10.1080/10253890.2019.1602604. Epub 2019 Apr 23.";"Souza RR";"Stress";"2019";"43579";"NA";"NA";"10.1080/10253890.2019.1602604";"2";"NA";"yes";"?";"yes";"yes";"yes";"yes";"yes";NA;"1";"NA";"NA";"NA";NA
"29";30986492;"Investigating the reciprocal relationships between locomotor sensitization to ethanol and PTSD-like clusters in DBA/2J mice";"Matonda-Ma-Nzuzi T, Didone V, Seutin V, Tirelli E, Quertemont E.";"Behav Brain Res. 2019 Aug 5;368:111909. doi: 10.1016/j.bbr.2019.111909. Epub 2019 Apr 12.";"Matonda-Ma-Nzuzi T";"Behav Brain Res";"2019";"43571";"NA";"NA";"10.1016/j.bbr.2019.111909";"2";"NA";"yes";"?";"yes";"yes";"yes";"yes";"yes";NA;"1";"NA";"NA";"NA";NA
"30";30922409;"Region- and time-dependent gene regulation in the amygdala and anterior cingulate cortex of a PTSD-like mouse model";"Tanaka M, Li H, Zhang X, Singh J, Dalgard CL, Wilkerson M, Zhang Y.";"Mol Brain. 2019 Mar 28;12(1):25. doi: 10.1186/s13041-019-0449-0.";"Tanaka M";"Mol Brain";"2019";"43554";"PMC6438009";"NA";"10.1186/s13041-019-0449-0";"2";"NA";"yes";"yes";"yes";"yes";"yes";"yes";"yes";"yes";"1";"no";"1";"FS AMP?";"8x 1.5mA"
"31";30871113;"Omega-3 Fatty Acids Prevent Post-Traumatic Stress Disorder-Induced Memory Impairment";"Alquraan L, Alzoubi KH, Hammad H, Rababa'h SY, Mayyas F.";"Biomolecules. 2019 Mar 12;9(3):100. doi: 10.3390/biom9030100.";"Alquraan L";"Biomolecules";"2019";"43540";"PMC6468674";"NA";"10.3390/biom9030100";"2";"NA";"yes";"?";"yes";"yes";"yes";"yes";"yes";NA;"1";"NA";"NA";"NA";NA
"32";30829662;"Edaravone prevents memory impairment in an animal model of post-traumatic distress";"Alzoubi KH, Shatnawi A, Al-Qudah MA, Alfaqih MA.";"Behav Pharmacol. 2019 Apr;30(2 and 3-Spec Issue):201-207. doi: 10.1097/FBP.0000000000000479.";"Alzoubi KH";"Behav Pharmacol";"2019";"43529";"NA";"NA";"10.1097/FBP.0000000000000479";"2";"NA";"yes";"?";"yes";"yes";"yes";"yes";"yes";NA;"1";"NA";"NA";"NA";NA
"33";30705647;"Dynamic Patterns of Threat-Associated Gene Expression in the Amygdala and Blood";"Lori A, Maddox SA, Sharma S, Andero R, Ressler KJ, Smith AK.";"Front Psychiatry. 2019 Jan 17;9:778. doi: 10.3389/fpsyt.2018.00778. eCollection 2018.";"Lori A";"Front Psychiatry";"2019";"43498";"PMC6344436";"NA";"10.3389/fpsyt.2018.00778";"2";"threat associated gene expression blood";"yes";"yes";"yes";"yes";"yes";"yes";"yes";NA;"1";"NA";"NA";"NA";NA
"34";30621666;"The ethanolic extract of Aralia continentalis ameliorates cognitive deficits via modifications of BDNF expression and anti-inflammatory effects in a rat model of post-traumatic stress disorder";"Lee B, Hong R, Lim P, Cho D, Yeom M, Lee S, Kang KS, Lee SC, Shim I, Lee H, Hahm DH.";"BMC Complement Altern Med. 2019 Jan 8;19(1):11. doi: 10.1186/s12906-018-2417-0.";"Lee B";"BMC Complement Altern Med";"2019";"43475";"PMC6323859";"NA";"10.1186/s12906-018-2417-0";"2";"NA";"yes";"?";"yes";"yes";"yes";"yes";"yes";NA;"1";"NA";"NA";"NA";NA
"35";30532228;"Characterizing changes in glucocorticoid receptor internalization in the fear circuit in an animal model of post traumatic stress disorder";"Moulton E, Chamness M, Knox D.";"PLoS One. 2018 Dec 7;13(12):e0205144. doi: 10.1371/journal.pone.0205144. eCollection 2018.";"Moulton E";"PLoS One";"2018";"43446";"PMC6286002";"NA";"10.1371/journal.pone.0205144";"2";"GR receptor dynamisc in PTSD";"yes";"?";"yes";"yes";"yes";"yes";"yes";NA;"1";"NA";"NA";"NA";NA
"36";30429779;"Effects of Trauma in Adulthood and Adolescence on Fear Extinction and Extinction Retention: Advancing Animal Models of Posttraumatic Stress Disorder";"Chen CV, Chaby LE, Nazeer S, Liberzon I.";"Front Behav Neurosci. 2018 Oct 31;12:247. doi: 10.3389/fnbeh.2018.00247. eCollection 2018.";"Chen CV";"Front Behav Neurosci";"2018";"43420";"PMC6220349";"NA";"10.3389/fnbeh.2018.00247";"2";"NA";"yes";"?";"yes";"yes";"yes";"yes";"yes";NA;"1";"NA";"NA";"NA";NA
"37";30369604;"Application of Single Prolonged Stress Induces Post-traumatic Stress Disorder-like Characteristics in Mice";"Tanaka KI, Yagi T, Nanba T, Asanuma M.";"Acta Med Okayama. 2018 Oct;72(5):479-485. doi: 10.18926/AMO/56245.";"Tanaka KI";"Acta Med Okayama";"2018";"43403";"NA";"NA";"10.18926/AMO/56245";"2";"y-maze = WM? (in s1 wel y-maze data included)";"yes";"yes";"yes";"yes";"?";"?";"yes";"yes";"?";"no";"1";"check tasks";"auteurs zeggen y-maze is WM (no other memory tasks) -> y-maze zat wel in codes s1.. Wat te doen?"
"38";30316170;"Prevention of memory impairment induced by post-traumatic stress disorder by cerebrolysin";"Alzoubi KH, Al-Ibbini AM, Nuseir KQ.";"Psychiatry Res. 2018 Dec;270:430-437. doi: 10.1016/j.psychres.2018.10.008. Epub 2018 Oct 6.";"Alzoubi KH";"Psychiatry Res";"2018";"43387";"NA";"NA";"10.1016/j.psychres.2018.10.008";"2";"NA";"yes";"yes";"yes";"yes";"yes";"yes";"yes";NA;"1";"NA";"NA";"NA";NA
"39";30291225;"A novel rat model of comorbid PTSD and addiction reveals intersections between stress susceptibility and enhanced cocaine seeking with a role for mGlu5 receptors";"Schwendt M, Shallcross J, Hadad NA, Namba MD, Hiller H, Wu L, Krause EG, Knackstedt LA.";"Transl Psychiatry. 2018 Oct 5;8(1):209. doi: 10.1038/s41398-018-0265-9.";"Schwendt M";"Transl Psychiatry";"2018";"43380";"PMC6173705";"NA";"10.1038/s41398-018-0265-9";"2";"NA";"yes";"?";"yes";"yes";"yes";"yes";"yes";NA;"1";"yes";"NA";"NA";NA
"40";30246290;"Combined brain-derived neurotrophic factor with extinction training alleviate impaired fear extinction in an animal model of post-traumatic stress disorder";"Kataoka T, Fuchikami M, Nojima S, Nagashima N, Araki M, Omura J, Miyagi T, Okamoto Y, Morinobu S.";"Genes Brain Behav. 2019 Sep;18(7):e12520. doi: 10.1111/gbb.12520. Epub 2018 Oct 9.";"Kataoka T";"Genes Brain Behav";"2019";"43368";"NA";"NA";"10.1111/gbb.12520";"2";"NA";"yes";"?";"yes";"yes";"yes";"yes";"yes";NA;"1";"NA";"NA";"NA";NA
"41";30228049;"Prefrontal cortex rTMS reverses behavioral impairments and differentially activates c-Fos in a mouse model of post-traumatic stress¬¨‚Ä†disorder";"Legrand M, Troubat R, Brizard B, Le Guisquet AM, Belzung C, El-Hage W.";"Brain Stimul. 2019 Jan-Feb;12(1):87-95. doi: 10.1016/j.brs.2018.09.003. Epub 2018 Sep 8.";"Legrand M";"Brain Stimul";"2019";"43363";"NA";"NA";"10.1016/j.brs.2018.09.003";"2";"NA";"yes";"?";"yes";"yes";"yes";"yes";"yes";NA;"1";"NA";"NA";"NA";NA
"42";30064318;"Bilateral amygdala stimulation reduces avoidance behavior in a predator scent posttraumatic stress disorder model";"Dengler BA, Hawksworth SA, Berardo L, McDougall I, Papanastassiou AM.";"Neurosurg Focus. 2018 Aug;45(2):E16. doi: 10.3171/2018.5.FOCUS18166.";"Dengler BA";"Neurosurg Focus";"2018";"43314";"NA";"NA";"10.3171/2018.5.FOCUS18166";"2";"NA";"yes";"?";"yes";"yes";"yes (avoidance trauma cue?)";"yes";"yes";NA;"1";"NA";"NA";"NA";NA
"43";30022871;"Radix Polygalae Extract Attenuates PTSD-like Symptoms in a Mouse Model of Single Prolonged Stress and Conditioned Fear Possibly by Reversing BAG1";"Shin JY, Shin JW, Ha SK, Kim Y, Swanberg KM, Lee S, Kim TW, Maeng S.";"Exp Neurobiol. 2018 Jun;27(3):200-209. doi: 10.5607/en.2018.27.3.200. Epub 2018 May 24.";"Shin JY";"Exp Neurobiol";"2018";"43301";"PMC6050414";"NA";"10.5607/en.2018.27.3.200";"2";"NA";"yes";"?";"ys";"yes";"yes";"yes";"yes";NA;"1";"NA";"NA";"NA";NA
"44";29902501;"Repeated olanzapine treatment mitigates PTSD like symptoms in rats with changes in cell signaling factors";"Reddy NR, Krishnamurthy S.";"Brain Res Bull. 2018 Jun;140:365-377. doi: 10.1016/j.brainresbull.2018.06.003. Epub 2018 Jun 11.";"Reddy NR";"Brain Res Bull";"2018";"43266";"NA";"NA";"10.1016/j.brainresbull.2018.06.003";"2";"NA";"yes";"?";"yes";"yes";"yes";"yes";"yes";NA;"1";"NA";"NA";"check memory task";NA
"45";29892216;"Ameliorating Impact of Prophylactic Intranasal Oxytocin on Signs of Fear in a Rat Model of Traumatic Stress";"Renicker MD, Cysewski N, Palmer S, Nakonechnyy D, Keef A, Thomas M, Magori K, Daberkow DP.";"Front Behav Neurosci. 2018 May 28;12:105. doi: 10.3389/fnbeh.2018.00105. eCollection 2018.";"Renicker MD";"Front Behav Neurosci";"2018";"43264";"PMC5985313";"NA";"10.3389/fnbeh.2018.00105";"2";"NA";"yes";"?";"yes";"yes";"yes";"yes";"yes";NA;"1";"NA";"NA";"NA";NA
"46";29686048;"Fear Memory Recall Potentiates Opiate Reward Sensitivity through Dissociable Dopamine D1 versus D4 Receptor-Dependent Memory Mechanisms in the Prefrontal Cortex";"Jing Li J, Szkudlarek H, Renard J, Hudson R, Rushlow W, Laviolette SR.";"J Neurosci. 2018 May 9;38(19):4543-4555. doi: 10.1523/JNEUROSCI.3113-17.2018. Epub 2018 Apr 23.";"Jing Li J";"J Neurosci";"2018";"43215";"PMC6705931";"NA";"10.1523/JNEUROSCI.3113-17.2018";"2";"fear & reward condition tasks; fear eerst";"yes";"yes";"yes";"yes";"yes";"yes";"yes";"yes";"1";"no";"1";"check amp FC";"0.4 0.8mA shocks, non shocked controls"
"47";29578033;"Propranolol produces short-term facilitation of extinction in a rabbit model of post-traumatic stress disorder";"Burhans LB, Smith-Bell CA, Schreurs BG.";"Neuropharmacology. 2018 Jun;135:386-398. doi: 10.1016/j.neuropharm.2018.03.029. Epub 2018 Mar 23.";"Burhans LB";"Neuropharmacology";"2018";"43186";"PMC5975200";"NIHMS957475";"10.1016/j.neuropharm.2018.03.029";"2";"rabbits ptsd; distregulation NA in ptsd";"yes";"?";"yes";"yes";"yes";"yes";"yes";"yes";"?";"NA";"NA";"if rabbits included";"shocks orbita (0.1,0.3,0.5,1.0,2.0mA)"
"48";29559394;"Pentoxifylline prevents post-traumatic stress disorder induced memory impairment";"Alzoubi KH, Khabour OF, Ahmed M.";"Brain Res Bull. 2018 May;139:263-268. doi: 10.1016/j.brainresbull.2018.03.009. Epub 2018 Mar 17.";"Alzoubi KH";"Brain Res Bull";"2018";"43181";"NA";"NA";"10.1016/j.brainresbull.2018.03.009";"2";"NA";"yes";"?";"yes";"yes";"yes";"yes";"yes";NA;"1";"NA";"NA";"NA";NA
"49";29519609;"Chronic treatment with URB597 ameliorates post-stress symptoms in a rat model of PTSD";"Fidelman S, Mizrachi Zer-Aviv T, Lange R, Hillard CJ, Akirav I.";"Eur Neuropsychopharmacol. 2018 May;28(5):630-642. doi: 10.1016/j.euroneuro.2018.02.004. Epub 2018 Mar 5.";"Fidelman S";"Eur Neuropsychopharmacol";"2018";"43169";"NA";"NA";"10.1016/j.euroneuro.2018.02.004";"2";"NA";"yes";"?";"yes";"yes";"yes (SR)";"yes";"yes";NA;"1";"NA";"NA";"NA";NA
"50";29458190;"Cannabinoids prevent depressive-like symptoms and alterations in BDNF expression in a rat model of PTSD";"Burstein O, Shoshan N, Doron R, Akirav I.";"Prog Neuropsychopharmacol Biol Psychiatry. 2018 Jun 8;84(Pt A):129-139. doi: 10.1016/j.pnpbp.2018.01.026. Epub 2018 Feb 17.";"Burstein O";"Prog Neuropsychopharmacol Biol Psychiatry";"2018";"43151";"NA";"NA";"10.1016/j.pnpbp.2018.01.026";"2";"NA";"yes";"?";"yes";"yes";"yes (SR)";"yes";"yes";NA;"1";"NA";"NA";"NA";NA
"51";29346627;"Severe and protracted sleep disruptions in mouse model of post-traumatic stress disorder";"Sharma R, Sahota P, Thakkar MM.";"Sleep. 2018 Mar 1;41(3). doi: 10.1093/sleep/zsy003.";"Sharma R";"Sleep";"2018";"43119";"NA";"NA";"10.1093/sleep/zsy003";"2";"ptsd, context, sleep";"yes";"?";"yes";"yes";"yes";"yes";"yes";NA;"1";"NA";"NA";"NA";NA
"52";28889197;"Changes in Gene Expression in the Locus Coeruleus-Amygdala Circuitry in Inhibitory Avoidance PTSD Model";"Sabban EL, Serova LI, Newman E, Aisenberg N, Akirav I.";"Cell Mol Neurobiol. 2018 Jan;38(1):273-280. doi: 10.1007/s10571-017-0548-3. Epub 2017 Sep 9.";"Sabban EL";"Cell Mol Neurobiol";"2018";"42989";"NA";"NA";"10.1007/s10571-017-0548-3";"2";"NA ptsd";"yes";"yes";"yes";"yes";"yes (SR)";"yes";"yes";NA;"1";"NA";"NA";"NA";NA
"53";28818702;"The effects of cannabinoid receptors activation and glucocorticoid receptors deactivation in the amygdala and hippocampus on the consolidation of a traumatic event";"Shoshan N, Akirav I.";"Neurobiol Learn Mem. 2017 Oct;144:248-258. doi: 10.1016/j.nlm.2017.08.004. Epub 2017 Aug 15.";"Shoshan N";"Neurobiol Learn Mem";"2017";"42966";"NA";"NA";"10.1016/j.nlm.2017.08.004";"2";"GR & endocan -> ptsd";"yes";"?";"yes";"yes";"yes (SR)";"yes";"yes";NA;"1";"NA";"NA";"NA";NA
"54";28799954;"Effects of systemic glutamatergic manipulations on conditioned eyeblink responses and hyperarousal in a rabbit model of post-traumatic stress disorder";"Burhans LB, Smith-Bell CA, Schreurs BG.";"Behav Pharmacol. 2017 Oct;28(7):565-577. doi: 10.1097/FBP.0000000000000333.";"Burhans LB";"Behav Pharmacol";"2017";"42959";"PMC5599342";"NIHMS891208";"10.1097/FBP.0000000000000333";"2";"rabbit ptsd";"yes";"?";"yes";"yes";"yes(SR)";"yes";"yes";"yes";"?";"NA";"NA";"rabbit";NA
"55";28778834;"Susceptibility to traumatic stress sensitizes the dopaminergic response to cocaine and increases motivation for cocaine";"Brodnik ZD, Black EM, Clark MJ, Kornsey KN, Snyder NW, Espa‚àö¬±a RA.";"Neuropharmacology. 2017 Oct;125:295-307. doi: 10.1016/j.neuropharm.2017.07.032. Epub 2017 Aug 1.";"Brodnik ZD";"Neuropharmacology";"2017";"42953";"PMC5585061";"NIHMS898741";"10.1016/j.neuropharm.2017.07.032";"2";"also in human search!";"yes PSS";"?";"yes";"?";"yes";"yes";"yes";NA;"1";"yes";"NA";"paper in human & animal search";NA
"56";28663121;"The effects of enhancing endocannabinoid signaling and blocking corticotrophin releasing factor receptor in the amygdala and hippocampus on the consolidation of a stressful event";"Aisenberg N, Serova L, Sabban EL, Akirav I.";"Eur Neuropsychopharmacol. 2017 Sep;27(9):913-927. doi: 10.1016/j.euroneuro.2017.06.006. Epub 2017 Jun 26.";"Aisenberg N";"Eur Neuropsychopharmacol";"2017";"42917";"NA";"NA";"10.1016/j.euroneuro.2017.06.006";"2";"NA";"yes";"?";"yes";"yes";"yes(SR)";"yes";"yes";NA;"1";"NA";"NA";"NA";NA
"57";28341893;"Single-Prolonged-Stress-Induced Changes in Autophagy-Related Proteins Beclin-1, LC3, and p62 in the Medial Prefrontal Cortex of Rats with Post-traumatic Stress Disorder";"Zheng S, Han F, Shi Y, Wen L, Han D.";"J Mol Neurosci. 2017 May;62(1):43-54. doi: 10.1007/s12031-017-0909-x. Epub 2017 Mar 25.";"Zheng S";"J Mol Neurosci";"2017";"42820";"NA";"NA";"10.1007/s12031-017-0909-x";"2";"NA";"yes";"yes";"yes";"yes";"yes";"yes";"yes";NA;"1";"NA";"NA";"NA";NA
"58";28210980;"Molecular Mechanisms of IRE1≈í¬±-ASK1 Pathway Reactions to Unfolded Protein Response in DRN Neurons of Post-Traumatic Stress Disorder Rats";"Kong F, Han F, Xu Y, Shi Y.";"J Mol Neurosci. 2017 Apr;61(4):531-541. doi: 10.1007/s12031-017-0895-z. Epub 2017 Feb 16.";"Kong F";"J Mol Neurosci";"2017";"42784";"NA";"NA";"10.1007/s12031-017-0895-z";"2";"NA";"yes";"yes";"yes";"yes";"yes";"yes";"yes";NA;"1";"NA";"NA";"NA";NA
"59";28159589;"Effects of LPS-induced immune activation prior to trauma exposure on PTSD-like symptoms in mice";"Deslauriers J, van Wijngaarde M, Geyer MA, Powell S, Risbrough VB.";"Behav Brain Res. 2017 Apr 14;323:117-123. doi: 10.1016/j.bbr.2017.01.048. Epub 2017 Jan 31.";"Deslauriers J";"Behav Brain Res";"2017";"42771";"NA";"NA";"10.1016/j.bbr.2017.01.048";"2";"invloed pretrauma infectie op stress response";"yes";"yes";"yes";"yes";"yes (SR)";"yes";"yes";"yes";"1";"no";"1";"memory?";"trauma reminder test"
"60";28025114;"Differences in hippocampal serotonergic activity in a mouse single prolonged stress paradigm impact discriminant fear acquisition and retention";"Aikins DE, Strader JA, Kohler RJ, Bihani N, Perrine SA.";"Neurosci Lett. 2017 Feb 3;639:162-166. doi: 10.1016/j.neulet.2016.12.056. Epub 2016 Dec 24.";"Aikins DE";"Neurosci Lett";"2017";"42732";"NA";"NA";"10.1016/j.neulet.2016.12.056";"2";"NA";"yes";"yes";"yes";"yes";"yes (fc)";"yes";"yes";"yes";"1";"yes (high low responsive)";"1";"check amp fc";"sps mice; fc 0.4mA"
"61";27492886;"Traumatic stress causes distinctive effects on fear circuit catecholamines and the fear extinction profile in a rodent model of posttraumatic stress disorder";"Lin CC, Tung CS, Lin PH, Huang CL, Liu YP.";"Eur Neuropsychopharmacol. 2016 Sep;26(9):1484-1495. doi: 10.1016/j.euroneuro.2016.06.004. Epub 2016 Aug 2.";"Lin CC";"Eur Neuropsychopharmacol";"2016";"42588";"NA";"NA";"10.1016/j.euroneuro.2016.06.004";"2";"NA";"yes (sps)";"?";"yes";"yes";"yes";"yes";"yes";NA;"1";"NA";"NA";"NA";NA
"62";27181613;"Conditioned stress prevents cue-primed cocaine reinstatement only in stress-responsive rats";"Hadad NA, Wu L, Hiller H, Krause EG, Schwendt M, Knackstedt LA.";"Stress. 2016 Jul;19(4):406-18. doi: 10.1080/10253890.2016.1189898. Epub 2016 Jun 3.";"Hadad NA";"Stress";"2016";"42507";"NA";"NA";"10.1080/10253890.2016.1189898";"2";"pss & selectie geen verschil EPM, wel startle";"yes";"yes";"yes";"yes";"yes (SR)";"yes";"yes";NA;"1";"yes";"NA";"NA";NA
"63";27147992;"Mild Traumatic Brain Injury with Social Defeat Stress Alters Anxiety, Contextual Fear Extinction, and Limbic Monoamines in Adult Rats";"Davies DR, Olson D, Meyer DL, Scholl JL, Watt MJ, Manzerra P, Renner KJ, Forster GL.";"Front Behav Neurosci. 2016 Apr 19;10:71. doi: 10.3389/fnbeh.2016.00071. eCollection 2016.";"Davies DR";"Front Behav Neurosci";"2016";"42496";"PMC4835499";"NA";"10.3389/fnbeh.2016.00071";"2";"NA";"yes";"yes";"yes";"yes";"yes";"yes";"yes";"yes";"1";"no";"1";"ptsd alone group?";"ptsd = SD; control group; then mtbi or sham; cFC"
"64";26897419;"Fluoxetine treatment prevents the inflammatory response in a mouse model of posttraumatic stress disorder";"Kao CY, He Z, Zannas AS, Hahn O, K‚àö¬∫hne C, Reichel JM, Binder EB, Wotjak CT, Khaitovich P, Turck CW.";"J Psychiatr Res. 2016 May;76:74-83. doi: 10.1016/j.jpsychires.2016.02.003. Epub 2016 Feb 8.";"Kao CY";"J Psychiatr Res";"2016";"42422";"NA";"NA";"10.1016/j.jpsychires.2016.02.003";"2";"NA";"yes";"yes";"yes";"yes";"yes";"yes";"yes";NA;"1";"NA";"NA";"check fc AMP";NA
"65";26821287;"Severe, multimodal stress exposure induces PTSD-like characteristics in a mouse model of single prolonged stress";"Perrine SA, Eagle AL, George SA, Mulo K, Kohler RJ, Gerard J, Harutyunyan A, Hool SM, Susick LL, Schneider BL, Ghoddoussi F, Galloway MP, Liberzon I, Conti AC.";"Behav Brain Res. 2016 Apr 15;303:228-37. doi: 10.1016/j.bbr.2016.01.056. Epub 2016 Jan 25.";"Perrine SA";"Behav Brain Res";"2016";"42398";"NA";"NA";"10.1016/j.bbr.2016.01.056";"2";"development of sps model for mice";"yes";"?";"yes";"yes";"yes (SR)";"yes";"yes";NA;"1";"NA";"NA";"NA";NA
"66";26706692;"Paroxetine treatment, following behavioral suppression of PTSD-like symptoms in mice, prevents relapse by activating the infralimbic cortex";"Bentefour Y, Rakibi Y, Bennis M, Ba-M'hamed S, Garcia R.";"Eur Neuropsychopharmacol. 2016 Feb;26(2):195-207. doi: 10.1016/j.euroneuro.2015.12.021. Epub 2015 Dec 10.";"Bentefour Y";"Eur Neuropsychopharmacol";"2016";"42365";"NA";"NA";"10.1016/j.euroneuro.2015.12.021";"2";"NA";"yes (fs)";"?";"yes";"yes";"yes (SR)";"yes";"yes";NA;"1";"NA";"NA";"NA";NA
"67";26482332;"Post-traumatic stress avoidance is attenuated by corticosterone and associated with brain levels of steroid receptor co-activator-1 in rats";"Whitaker AM, Farooq MA, Edwards S, Gilpin NW.";"Stress. 2016;19(1):69-77. doi: 10.3109/10253890.2015.1094689. Epub 2015 Oct 20.";"Whitaker AM";"Stress";"2016";"42298";"PMC4938251";"NIHMS794118";"10.3109/10253890.2015.1094689";"2";"model for avoidance in ptsd";"yes pss";"?";"yes";"yes";"yes (SR avoidane)";"yes";"yes";NA;"1";"avoiders vs non-avoiders";"NA";"NA";NA
"68";26348715;"Effects of extinction treatments on the reduction of conditioned responding and conditioned hyperarousal in a rabbit model of posttraumatic stress disorder (PTSD)";"Burhans LB, Smith-Bell CA, Schreurs BG.";"Behav Neurosci. 2015 Oct;129(5):611-20. doi: 10.1037/bne0000092. Epub 2015 Sep 7.";"Burhans LB";"Behav Neurosci";"2015";"42256";"PMC4667790";"NIHMS739374";"10.1037/bne0000092";"2";"rabit ptsd";"yes";"?";"yes";"yes";"yes";"yes";"yes";NA;"?";"NA";"NA";"if rabbit";NA
"69";26174596;"Dexamethasone Treatment Leads to Enhanced Fear Extinction and Dynamic Fkbp5 Regulation in Amygdala";"Sawamura T, Klengel T, Armario A, Jovanovic T, Norrholm SD, Ressler KJ, Andero R.";"Neuropsychopharmacology. 2016 Feb;41(3):832-46. doi: 10.1038/npp.2015.210. Epub 2015 Jul 15.";"Sawamura T";"Neuropsychopharmacology";"2016";"42201";"PMC4707829";"NA";"10.1038/npp.2015.210";"2";"sefl?";"yes";"?";"yes";"yes";"yes";"yes";"yes";NA;"1";"NA";"NA";"NA";NA
"70";25888136;"Brain transcriptome profiles in mouse model simulating features of post-traumatic stress disorder";"Muhie S, Gautam A, Meyerhoff J, Chakraborty N, Hammamieh R, Jett M.";"Mol Brain. 2015 Feb 28;8:14. doi: 10.1186/s13041-015-0104-3.";"Muhie S";"Mol Brain";"2015";"42113";"PMC4359441";"NA";"10.1186/s13041-015-0104-3";"2";"NA";"yes";"?";"yes";"yes";"yes (SR)";"yes";"yes";NA;"1";"NA";"NA";"NA";NA
"71";25857685;"ApoE2 Exaggerates PTSD-Related Behavioral, Cognitive, and Neuroendocrine Alterations";"Johnson LA, Zuloaga DG, Bidiman E, Marzulla T, Weber S, Wahbeh H, Raber J.";"Neuropsychopharmacology. 2015 Sep;40(10):2443-53. doi: 10.1038/npp.2015.95. Epub 2015 May 10.";"Johnson LA";"Neuropsychopharmacology";"2015";"42105";"PMC4538360";"NA";"10.1038/npp.2015.95";"2";"human & animal; not in human list; geen memory in human gemeten apoe+caps";"yes";"?";"yes";"yes";"yes";"yes";"yes";NA;"1";"NA";"NA";"include mice study; not human data";NA
"72";25839906;"Inhibiting corticosterone synthesis during fear memory formation exacerbates cued fear extinction memory deficits within the single prolonged stress model";"Keller SM, Schreiber WB, Stanfield BR, Knox D.";"Behav Brain Res. 2015;287:182-6. doi: 10.1016/j.bbr.2015.03.043. Epub 2015 Mar 31.";"Keller SM";"Behav Brain Res";"2015";"42098";"PMC5511728";"NIHMS876441";"10.1016/j.bbr.2015.03.043";"2";"sps; gr; cort; fear learning";"yes";"yes";"yes";"yes";"yes";"yes";"yes";NA;"1";"NA";"NA";"NA";NA
"73";25771251;"Beyond the HPA-axis: The role of the gonadal steroid hormone receptors in modulating stress-related responses in an animal model of PTSD";"Fenchel D, Levkovitz Y, Vainer E, Kaplan Z, Zohar J, Cohen H.";"Eur Neuropsychopharmacol. 2015 Jun;25(6):944-57. doi: 10.1016/j.euroneuro.2015.02.004. Epub 2015 Feb 28.";"Fenchel D";"Eur Neuropsychopharmacol";"2015";"42079";"NA";"NA";"10.1016/j.euroneuro.2015.02.004";"2";"hpa & hpg";"yes";"?";"yes";"yes";"yes (SR)";"yes";"yes";NA;"1";"yes";"NA";"NA";NA
"74";25749890;"Loss of Glial Cells of the Hippocampus in a Rat Model of Post-traumatic Stress Disorder";"Han F, Xiao B, Wen L.";"Neurochem Res. 2015 May;40(5):942-51. doi: 10.1007/s11064-015-1549-6. Epub 2015 Mar 7.";"Han F";"Neurochem Res";"2015";"42073";"NA";"NA";"10.1007/s11064-015-1549-6";"2";"glia sps";"yes";"?";"yes";"yes";"yes";"yes";"yes";NA;"1";"NA";"NA";"NA";NA
"75";25721741;"Sex differences in the single prolonged stress model";"Keller SM, Schreiber WB, Staib JM, Knox D.";"Behav Brain Res. 2015 Jun 1;286:29-32. doi: 10.1016/j.bbr.2015.02.034. Epub 2015 Feb 24.";"Keller SM";"Behav Brain Res";"2015";"42063";"PMC5745062";"NIHMS876442";"10.1016/j.bbr.2015.02.034";"2";"male / female responses to sps";"yes";"?";"yes";"yes";"yes";"yes";"yes";NA;"1";"NA";"NA";"NA";NA
"76";25720329;"Norepinephrine and corticosterone in the medial prefrontal cortex and hippocampus predict PTSD-like symptoms in mice";"Kao CY, Stalla G, Stalla J, Wotjak CT, Anderzhanova E.";"Eur J Neurosci. 2015 May;41(9):1139-48. doi: 10.1111/ejn.12860. Epub 2015 Feb 27.";"Kao CY";"Eur J Neurosci";"2015";"42063";"NA";"NA";"10.1111/ejn.12860";"2";"NE + ptsd: Ôªø The increase in extracellular NE levels correlated in a U-shape manner with arousal levels and CF, thus suggesting a non-direct relationship.";"yes (Fs)";"yes";"yes";"yes";"yes";"yes";"yes";"yes";"1";"no";"1";"ptsd model?";"fs 1.5mA; also control group (exp 1); asr measure to validate ptsd like symps (no split affected non-affected)"
"77";25683290;"Brief fear preexposure facilitates subsequent fear conditioning";"Iwasaki S, Sakaguchi T, Ikegaya Y.";"Neurosci Res. 2015 Jun;95:66-73. doi: 10.1016/j.neures.2015.02.001. Epub 2015 Feb 12.";"Iwasaki S";"Neurosci Res";"2015";"42052";"NA";"NA";"10.1016/j.neures.2015.02.001";"2";"NA";"yes";"?";"yes";"yes";"yes";"yes";"yes";NA;"1";"NA";"NA";"NA";NA
"78";25487770;"Early post-stressor intervention with minocycline, a second-generation tetracycline, attenuates post-traumatic stress response in an animal model of PTSD";"Levkovitz Y, Fenchel D, Kaplan Z, Zohar J, Cohen H.";"Eur Neuropsychopharmacol. 2015 Jan;25(1):124-32. doi: 10.1016/j.euroneuro.2014.11.012. Epub 2014 Nov 28.";"Levkovitz Y";"Eur Neuropsychopharmacol";"2015";"41983";"NA";"NA";"10.1016/j.euroneuro.2014.11.012";"2";"NA";"yes";"?";"yes";"yes";"yes (SR)";"yes";"yes";NA;"1";"yes?";"NA";"NA";NA
"79";25407822;"Changes in the glucocorticoid receptor and Ca¬¨‚â§‚Äö√Ö‚à´/calreticulin-dependent signalling pathway in the medial prefrontal cortex of rats with post-traumatic stress disorder";"Wen L, Han F, Shi Y.";"J Mol Neurosci. 2015 May;56(1):24-34. doi: 10.1007/s12031-014-0464-7. Epub 2014 Nov 19.";"Wen L";"J Mol Neurosci";"2015";"41963";"NA";"NA";"10.1007/s12031-014-0464-7";"2";"NA";"yes";"?";"yes";"yes";"yes";"yes";"yes";NA;"1";"NA";"NA";"NA";NA
"80";25337363;"Effects of systemic administration of oxytocin on contextual fear extinction in a rat model of post-traumatic stress disorder";"Eskandarian S, Vafaei AA, Vaezi GH, Taherian F, Kashefi A, Rashidy-Pour A.";"Basic Clin Neurosci. 2013 Fall;4(4):315-22.";"Eskandarian S";"Basic Clin Neurosci";"2013";"41935";"PMC4202577";"NA";"NA";"2";"NA";"yes";"yes";"yes";"yes";"yes";"yes";"yes";NA;"1";"NA";"NA";"NA";NA
"81";25310249;"Therapeutic Potential of 5-HT6 Antagonist SB399885 in Traumatic Stress Disorder";"Abraham R, Nirogi R, Shinde A, Benade VS.";"Drug Res (Stuttg). 2015 Aug;65(8):442-5. doi: 10.1055/s-0034-1390418. Epub 2014 Oct 13.";"Abraham R";"Drug Res (Stuttg)";"2015";"41926";"NA";"NA";"10.1055/s-0034-1390418";"2";"NA";"yes";"?";"yes";"yes";"yes";"yes";"yes";NA;"1";"NA";"NA";"NA";NA
"82";25037003;"Stress-induced enhancement of fear conditioning activates the amygdalar cholecystokinin system in a rat model of post-traumatic stress disorder";"Feng T, Yang S, Wen D, Sun Q, Li Y, Ma C, Cong B.";"Neuroreport. 2014 Oct 1;25(14):1085-90. doi: 10.1097/WNR.0000000000000232.";"Feng T";"Neuroreport";"2014";"41839";"NA";"NA";"10.1097/WNR.0000000000000232";"2";"NA";"yes";"yes";"yes";"yes";"yes (SR)";"yes";"yes";"yes";"1";"no";"1";"memory?";"fs 1.1mA + re-exposure to shock chamber"
"83";25004167;"Dexmedetomidine alleviates anxiety-like behaviors and cognitive impairments in a rat model of post-traumatic stress disorder";"Ji MH, Jia M, Zhang MQ, Liu WX, Xie ZC, Wang ZY, Yang JJ.";"Prog Neuropsychopharmacol Biol Psychiatry. 2014 Oct 3;54:284-8. doi: 10.1016/j.pnpbp.2014.06.013. Epub 2014 Jul 6.";"Ji MH";"Prog Neuropsychopharmacol Biol Psychiatry";"2014";"41829";"NA";"NA";"10.1016/j.pnpbp.2014.06.013";"2";"NA";"yes";"?";"yes";"yes";"yes (SR)";"yes";"yes";NA;"1";"NA";"NA";"NA";NA
"84";24879497;"The effect of chronic phenytoin administration on single prolonged stress induced extinction retention deficits and glucocorticoid upregulation in the rat medial prefrontal cortex";"George SA, Rodriguez-Santiago M, Riley J, Rodriguez E, Liberzon I.";"Psychopharmacology (Berl). 2015 Jan;232(1):47-56. doi: 10.1007/s00213-014-3635-x. Epub 2014 May 31.";"George SA";"Psychopharmacology (Berl)";"2015";"41791";"NA";"NA";"10.1007/s00213-014-3635-x";"2";"NA";"yes";"yes";"yes";"yes";"yes";"yes";"yes";NA;"1";"NA";"NA";"NA";NA
"85";24814135;"Blunting of the HPA-axis underlies the lack of preventive efficacy of early post-stressor single-dose Delta-9-tetrahydrocannabinol (THC)";"Mayer TA, Matar MA, Kaplan Z, Zohar J, Cohen H.";"Pharmacol Biochem Behav. 2014 Jul;122:307-18. doi: 10.1016/j.pbb.2014.04.014. Epub 2014 May 6.";"Mayer TA";"Pharmacol Biochem Behav";"2014";"41772";"NA";"NA";"10.1016/j.pbb.2014.04.014";"2";"thc fear stress";"yes";"?";"yes";"yes";"yes";"yes";"yes";NA;"1";"yes";"NA";"NA";NA
"86";24610447;"Effect of glucose-regulated protein 94 and endoplasmic reticulum modulator caspase-12 in medial prefrontal cortex in a rat model of posttraumatic stress disorder";"Zhao D, Han F, Shi Y.";"J Mol Neurosci. 2014;54(2):147-55. doi: 10.1007/s12031-014-0263-1. Epub 2014 Mar 9.";"Zhao D";"J Mol Neurosci";"2014";"41709";"NA";"NA";"10.1007/s12031-014-0263-1";"2";"NA";"yes";"yes";"yes";"yes";"yes";"yes";"yes";NA;"1";"NA";"NA";"NA";NA
"87";24523683;"Differential activation of amygdala, dorsal and ventral hippocampus following an exposure to a reminder of underwater trauma";"Ritov G, Ardi Z, Richter-Levin G.";"Front Behav Neurosci. 2014 Jan 29;8:18. doi: 10.3389/fnbeh.2014.00018. eCollection 2014.";"Ritov G";"Front Behav Neurosci";"2014";"41684";"PMC3905214";"NA";"10.3389/fnbeh.2014.00018";"2";"ventral hip in trauma recollection?";"yes";"?";"yes";"yes";"yes";"yes";"yes";NA;"1";"NA";"NA";"NA";NA
"88";24478648;"Water associated zero maze: a novel rat test for long term traumatic re-experiencing";"Ritov G, Richter-Levin G.";"Front Behav Neurosci. 2014 Jan 17;8:1. doi: 10.3389/fnbeh.2014.00001. eCollection 2014.";"Ritov G";"Front Behav Neurosci";"2014";"41670";"PMC3894455";"NA";"10.3389/fnbeh.2014.00001";"2";"water maze as reexperiencing context?";"yes";"?";"yes";"yes";"yes";"yes";"yes";NA;"1";"NA";"NA";"NA";NA
"89";24246572;"The ≈í¬±1 adrenoceptor antagonist prazosin enhances sleep continuity in fear-conditioned Wistar-Kyoto rats";"Laitman BM, Gajewski ND, Mann GL, Kubin L, Morrison AR, Ross RJ.";"Prog Neuropsychopharmacol Biol Psychiatry. 2014 Mar 3;49:7-15. doi: 10.1016/j.pnpbp.2013.11.004. Epub 2013 Nov 15.";"Laitman BM";"Prog Neuropsychopharmacol Biol Psychiatry";"2014";"41598";"PMC3969852";"NIHMS545420";"10.1016/j.pnpbp.2013.11.004";"2";"NA";"yes FC";"?";"yes";"yes";"yes";"yes";"?";NA;"1";"NA";"NA";"ptsd model? (amp = 1mA)";NA
"90";24126924;"A ghrelin-growth hormone axis drives stress-induced vulnerability to enhanced fear";"Meyer RM, Burgos-Robles A, Liu E, Correia SS, Goosens KA.";"Mol Psychiatry. 2014 Dec;19(12):1284-94. doi: 10.1038/mp.2013.135. Epub 2013 Oct 15.";"Meyer RM";"Mol Psychiatry";"2014";"41563";"PMC3988273";"NIHMS560310";"10.1038/mp.2013.135";"2";"NA";"yes";"yes";"yes";"yes";"yes";"yes";"yes";"yes";"1";"no";"1";"check ptsd model";"suppl. methods: fc 0.7mA; trauma RS (hh/day, 1-14 days) or UWT (1h/day for 14 days); data 1 day RS + control on FC is in supplementary figure 3b"
"91";24106466;"Contextual exploration previous to an aversive event predicts long-term emotional consequences of severe stress";"Girardi CE, Tiba PA, Llobet GB, Levin R, Abilio VC, Suchecki D.";"Front Behav Neurosci. 2013 Oct 2;7:134. doi: 10.3389/fnbeh.2013.00134. eCollection 2013.";"Girardi CE";"Front Behav Neurosci";"2013";"41557";"PMC3788327";"NA";"10.3389/fnbeh.2013.00134";"2";"context-trauma association";"yes";"?";"yes";"yes";"yes";"yes";"yes";NA;"1";"NA";"NA";"NA";NA
"92";24094510;"Angiotensin type 1 receptor inhibition enhances the extinction of fear memory";"Marvar PJ, Goodman J, Fuchs S, Choi DC, Banerjee S, Ressler KJ.";"Biol Psychiatry. 2014 Jun 1;75(11):864-72. doi: 10.1016/j.biopsych.2013.08.024. Epub 2013 Oct 4.";"Marvar PJ";"Biol Psychiatry";"2014";"41555";"PMC3975818";"NIHMS522982";"10.1016/j.biopsych.2013.08.024";"2";"NA";"yes";"?";"yes";"yes";"yes";"yes";"?";NA;"1";"NA";"NA";"which ptsd model?";NA
"93";24013012;"FGF2 blocks PTSD symptoms via an astrocyte-based mechanism";"Xia L, Zhai M, Wang L, Miao D, Zhu X, Wang W.";"Behav Brain Res. 2013 Nov 1;256:472-80. doi: 10.1016/j.bbr.2013.08.048. Epub 2013 Sep 5.";"Xia L";"Behav Brain Res";"2013";"41527";"NA";"NA";"10.1016/j.bbr.2013.08.048";"2";"astrocytes";"yes";"yes";"yes";"yes";"yes";"yes";"yes";"yes";"1";"no";"1";"memory?";"cfc task"
"94";23871471;"Overexpression of corticotropin-releasing factor receptor type 2 in the bed nucleus of stria terminalis improves posttraumatic stress disorder-like symptoms in a model of incubation of fear";"Elharrar E, Warhaftig G, Issler O, Sztainberg Y, Dikshtein Y, Zahut R, Redlus L, Chen A, Yadid G.";"Biol Psychiatry. 2013 Dec 1;74(11):827-36. doi: 10.1016/j.biopsych.2013.05.039. Epub 2013 Jul 17.";"Elharrar E";"Biol Psychiatry";"2013";"41478";"NA";"NA";"10.1016/j.biopsych.2013.05.039";"2";"NA";"yes";"?";"yes";"yes";"yes (SR)";"yes";"yes";NA;"1";"yes";"NA";"NA";NA
"95";23750131;"Prognostic and symptomatic aspects of rapid eye movement sleep in a mouse model of posttraumatic stress disorder";"Polta SA, Fenzl T, Jakubcakova V, Kimura M, Yassouridis A, Wotjak CT.";"Front Behav Neurosci. 2013 May 31;7:60. doi: 10.3389/fnbeh.2013.00060. eCollection 2013.";"Polta SA";"Front Behav Neurosci";"2013";"41436";"PMC3668327";"NA";"10.3389/fnbeh.2013.00060";"2";"NA";"yes";"?";"yes";"yes";"yes";"yes";"yes";NA;"1";"NA";"NA";"NA";NA
"96";23740899;"Amygdala-dependent fear is regulated by Oprl1 in mice and humans with PTSD";"Andero R, Brothers SP, Jovanovic T, Chen YT, Salah-Uddin H, Cameron M, Bannister TD, Almli L, Stevens JS, Bradley B, Binder EB, Wahlestedt C, Ressler KJ.";"Sci Transl Med. 2013 Jun 5;5(188):188ra73. doi: 10.1126/scitranslmed.3005656.";"Andero R";"Sci Transl Med";"2013";"41432";"PMC3732318";"NIHMS497720";"10.1126/scitranslmed.3005656";"1&2";"mice & human data; ptsd & amygdala nociceptin resceptor";"mice: yes";"mice= yes";"yes";"yes";"yes";"yes";"yes";"yes";"1";"no";"1";"mice & human data (not in human list,); check ptsd model in mice / check human data";"mice: immobilization stress = ptsd model then MWM = memory (also HC); [also immobilizations & control fc texp..); human SNP correclated to ptsd diagnozis  in traumatized  sample, in a subset of this cohort, fc task (corrected for ptsd syms, but no ptsd vs hc comparison) -> mice include; human exclude"
"97";23584669;"Vorinostat ameliorates impaired fear extinction possibly via the hippocampal NMDA-CaMKII pathway in an animal model of posttraumatic stress disorder";"Matsumoto Y, Morinobu S, Yamamoto S, Matsumoto T, Takei S, Fujita Y, Yamawaki S.";"Psychopharmacology (Berl). 2013 Sep;229(1):51-62. doi: 10.1007/s00213-013-3078-9. Epub 2013 Apr 13.";"Matsumoto Y";"Psychopharmacology (Berl)";"2013";"41380";"NA";"NA";"10.1007/s00213-013-3078-9";"2";"NA";"yes";"?";"yes";"yes";"yes";"yes";"yes";NA;"1";"NA";"NA";"NA";NA
"98";23433741;"Cannabinoids and traumatic stress modulation of contextual fear extinction and GR expression in the amygdala-hippocampal-prefrontal circuit";"Ganon-Elazar E, Akirav I.";"Psychoneuroendocrinology. 2013 Sep;38(9):1675-87. doi: 10.1016/j.psyneuen.2013.01.014. Epub 2013 Feb 21.";"Ganon-Elazar E";"Psychoneuroendocrinology";"2013";"41331";"NA";"NA";"10.1016/j.psyneuen.2013.01.014";"2";"NA";"yes";"?";"yes";"yes";"yes";"yes";"yes";NA;"1";"NA";"NA";"NA";NA
"99";23159544;"Morphine prevents the development of stress-enhanced fear learning";"Szczytkowski-Thomson JL, Lebonville CL, Lysle DT.";"Pharmacol Biochem Behav. 2013 Jan;103(3):672-7. doi: 10.1016/j.pbb.2012.10.013. Epub 2012 Nov 13.";"Szczytkowski-Thomson JL";"Pharmacol Biochem Behav";"2013";"41233";"NA";"NA";"10.1016/j.pbb.2012.10.013";"2";"NA";"yes SEFL";"NA";"yes";"yes";"yes";"yes";"yes";"yes";"1";"no";"1";"memory?";"SEFL: ctxA 15x 1mA shock (+control group) (""trauma"", ctxB 1x1mA shock) ""learning"""
"100";23126586;"Stress increases voluntary alcohol intake, but does not alter established drinking habits in a rat model of posttraumatic stress disorder";"Meyer EM, Long V, Fanselow MS, Spigelman I.";"Alcohol Clin Exp Res. 2013 Apr;37(4):566-74. doi: 10.1111/acer.12012. Epub 2012 Nov 5.";"Meyer EM";"Alcohol Clin Exp Res";"2013";"41220";"PMC3567303";"NIHMS408328";"10.1111/acer.12012";"2";"NA";"yes (SEFL)";"yes";"yes";"yes";"yes";"yes";"yes";NA;"1";"NA";"NA";"NA";NA
"101";22863672;"Glucocorticoid receptors and extinction retention deficits in the single prolonged stress model";"Knox D, Nault T, Henderson C, Liberzon I.";"Neuroscience. 2012 Oct 25;223:163-73. doi: 10.1016/j.neuroscience.2012.07.047. Epub 2012 Jul 31.";"Knox D";"Neuroscience";"2012";"41128";"NA";"NA";"10.1016/j.neuroscience.2012.07.047";"2";"sps enhances GR expression in Hipp";"yes";"?";"yes";"yes";"yes";"yes";"yes";NA;"1";"NA";"NA";"NA";NA
"102";22659395;"Generalization of contextual fear depends on associative rather than non-associative memory components";"Sauerh‚àö‚àÇfer E, Pamplona FA, Bedenk B, Moll GH, Dawirs RR, von H‚àö‚àÇrsten S, Wotjak CT, Golub Y.";"Behav Brain Res. 2012 Aug 1;233(2):483-93. doi: 10.1016/j.bbr.2012.05.016. Epub 2012 May 30.";"Sauerh‚àö‚àÇfer E";"Behav Brain Res";"2012";"41065";"NA";"NA";"10.1016/j.bbr.2012.05.016";"2";"cue vs contextual fear PTSD";"yes";"?";"yes";"yes";"yes";"yes";"yes";NA;"1";"NA";"NA";"NA";NA
"103";22465354;"Effects of the protein synthesis inhibitor cycloheximide on anxiety-like extinction behavior in an animal model of post-traumatic stress";"Sandusky LA, Flint RW Jr, McNay EC.";"Behav Brain Res. 2012 May 16;231(1):208-12. doi: 10.1016/j.bbr.2012.03.019. Epub 2012 Mar 23.";"Sandusky LA";"Behav Brain Res";"2012";"41002";"NA";"NA";"10.1016/j.bbr.2012.03.019";"2";"NA";"yes";"yes";"yes";"yes";"yes";"yes";"yes";"yes";"1";"no";"1";"memory? Extinction?";"extinction after pss; reminders and extinction of trauma memories = memory"
"104";22426496;"Conditioned fear stress combined with single-prolonged stress: a new PTSD mouse model";"Wang H, Zuo D, He B, Qiao F, Zhao M, Wu Y.";"Neurosci Res. 2012 Jun;73(2):142-52. doi: 10.1016/j.neures.2012.03.003. Epub 2012 Mar 16.";"Wang H";"Neurosci Res";"2012";"40988";"NA";"NA";"10.1016/j.neures.2012.03.003";"2";"stress -> apoptosis hippocampus";"yes sps + FC";"?";"yes";"yes";"yes";"yes";"yes";NA;"1";"NA";"NA";"NA";NA
"105";22240323;"Single prolonged stress disrupts retention of extinguished fear in rats";"Knox D, George SA, Fitzpatrick CJ, Rabinak CA, Maren S, Liberzon I.";"Learn Mem. 2012 Jan 12;19(2):43-9. doi: 10.1101/lm.024356.111. Print 2012 Feb.";"Knox D";"Learn Mem";"2012";"40922";"PMC3262971";"NA";"10.1101/lm.024356.111";"2";"NA";"yes";"?";"yes";"yes";"yes";"yes";"yes";NA;"1";"NA";"NA";"NA";NA
"106";21924297;"Early fear as a predictor of avoidance in a rat model of post-traumatic stress disorder";"Chen X, Li Y, Li S, Kirouac GJ.";"Behav Brain Res. 2012 Jan 1;226(1):112-7. doi: 10.1016/j.bbr.2011.09.004. Epub 2011 Sep 8.";"Chen X";"Behav Brain Res";"2012";"40806";"NA";"NA";"10.1016/j.bbr.2011.09.004";"2";"NA";"yes";"?";"yes";"yes";"yes";"yes";"yes";"yes";"1";"no";"1";"memory?";"fear sensitizatie (= angst in new environment); fear to novel & shock context = SR = memory"
"107";21764847;"Extinction after retrieval: effects on the associative and nonassociative components of remote contextual fear memory";"Costanzi M, Cannas S, Saraulli D, Rossi-Arnaud C, Cestari V.";"Learn Mem. 2011 Jul 15;18(8):508-18. doi: 10.1101/lm.2175811. Print 2011.";"Costanzi M";"Learn Mem";"2011";"40743";"NA";"NA";"10.1101/lm.2175811";"2";"context in extinction";"yes";"?";"yes";"yes";"yes";"yes";"yes";NA;"1";"NA";"NA";"NA";NA
"108";21611173;"Predicting impaired extinction of traumatic memory and elevated startle";"Nalloor R, Bunting K, Vazdarjanova A.";"PLoS One. 2011;6(5):e19760. doi: 10.1371/journal.pone.0019760. Epub 2011 May 18.";"Nalloor R";"PLoS One";"2011";"40689";"PMC3097191";"NA";"10.1371/journal.pone.0019760";"2";"belang identifiing individuals before trauma, animal model";"yes?";"?";"yes";"yes";"yes";"yes";"yes";"yes";"1?";"yes";"1";"ptsd/memory timeline?";"mild stressor = cat hair; taruma = cfc with 0.7mA 2x;  --> if interpreted otherway around: cat hair = pss; cfc=memory.. Then inclusion.. Otherwise exclusion (because cfc not trauma)"
"109";21593730;"Generalization of fear inhibition by disrupting hippocampal protein synthesis-dependent reconsolidation process";"Yang CH, Huang CC, Hsu KS.";"Neuropsychopharmacology. 2011 Sep;36(10):1992-2008. doi: 10.1038/npp.2011.87. Epub 2011 May 18.";"Yang CH";"Neuropsychopharmacology";"2011";"40683";"PMC3158317";"NA";"10.1038/npp.2011.87";"2";"NA";"yes";"yes?";"yes";"yes";"yes";"yes";"yes";"yes";"1";"no";"1";"ptsd?";"fc = 1mA; fear memoryes & odor/object memories measured; naive rats as control?"
"110";21172365;"Individual differences in novelty-seeking behavior in rats as a model for psychosocial stress-related mood disorders";"Duclot F, Hollis F, Darcy MJ, Kabbaj M.";"Physiol Behav. 2011 Aug 3;104(2):296-305. doi: 10.1016/j.physbeh.2010.12.014. Epub 2010 Dec 21.";"Duclot F";"Physiol Behav";"2011";"40534";"PMC3081532";"NIHMS259528";"10.1016/j.physbeh.2010.12.014";"2";"individual differences & stress & novelty seeking";"yes (acute defeat)";"yes";"yes";"yes";"yes";"yes";"yes";"yes";"1";"no";"1";"ptsd model (not chronic)";"acute (1day) and chronic (4day) defeat, and HC group"
"111";20929713;"Impact of predatory threat on fear extinction in Lewis rats";"Goswami S, Cascardi M, Rodr‚àö‚â†guez-Sierra OE, Duvarci S, Par‚àö¬© D.";"Learn Mem. 2010 Sep 27;17(10):494-501. doi: 10.1101/lm.1948910. Print 2010 Oct.";"Goswami S";"Learn Mem";"2010";"40460";"PMC2948889";"NA";"10.1101/lm.1948910";"2";"NA";"yes";"?";"yes";"yes";"yes";"yes";"yes";NA;"1";"yes";"NA";"NA";NA
"112";20870745;"Antagonism of lateral amygdala alpha1-adrenergic receptors facilitates fear conditioning and long-term potentiation";"Lazzaro SC, Hou M, Cunha C, LeDoux JE, Cain CK.";"Learn Mem. 2010 Sep 24;17(10):489-93. doi: 10.1101/lm.1918210. Print 2010 Oct.";"Lazzaro SC";"Learn Mem";"2010";"40449";"PMC2948893";"NA";"10.1101/lm.1918210";"2";"NA in FC";"yes";"?";"yes";"yes";"yes";"yes";"?";NA;"1";"NA";"1";"amp fs? Ôªø
USs were 1
sec, 0.8 mA scrambled electric footshocks.";NA
"113";20863519;"Enhanced hippocampal BDNF/TrkB signaling in response to fear conditioning in an animal model of posttraumatic stress disorder";"Takei S, Morinobu S, Yamamoto S, Fuchikami M, Matsumoto T, Yamawaki S.";"J Psychiatr Res. 2011 Apr;45(4):460-8. doi: 10.1016/j.jpsychires.2010.08.009. Epub 2010 Sep 21.";"Takei S";"J Psychiatr Res";"2011";"40446";"NA";"NA";"10.1016/j.jpsychires.2010.08.009";"2";"NA";"yes";"yes";"yes";"yes";"yes";"yes";"yes";NA;"1";"NA";"NA";"NA";NA
"114";20655545;"Prolonged fear incubation leads to generalized avoidance behavior in mice";"Pamplona FA, Henes K, Micale V, Mauch CP, Takahashi RN, Wotjak CT.";"J Psychiatr Res. 2011 Mar;45(3):354-60. doi: 10.1016/j.jpsychires.2010.06.015. Epub 2010 Jul 23.";"Pamplona FA";"J Psychiatr Res";"2011";"40386";"NA";"NA";"10.1016/j.jpsychires.2010.06.015";"2";"fear gen";"yes";"?";"yes";"yes";"yes";"yes";"yes";NA;"1";"NA";"NA";"NA";NA
"115";20478366;"Ability of predator odour exposure to elicit conditioned versus sensitised post traumatic stress disorder-like behaviours, and forebrain deltaFosB expression, in rats";"Mackenzie L, Nalivaiko E, Beig MI, Day TA, Walker FR.";"Neuroscience. 2010 Aug 25;169(2):733-42. doi: 10.1016/j.neuroscience.2010.05.005. Epub 2010 May 15.";"Mackenzie L";"Neuroscience";"2010";"40317";"NA";"NA";"10.1016/j.neuroscience.2010.05.005";"2";"NA";"yes";"?";"yes";"yes";"yes";"yes";"yes";NA;"1";"NA";"NA";"NA";NA
"116";20427053;"Alterations in the hippocampal glycinergic system in an animal model of posttraumatic stress disorder";"Yamamoto S, Morinobu S, Iwamoto Y, Ueda Y, Takei S, Fujita Y, Yamawaki S.";"J Psychiatr Res. 2010 Nov;44(15):1069-74. doi: 10.1016/j.jpsychires.2010.03.013. Epub 2010 Apr 27.";"Yamamoto S";"J Psychiatr Res";"2010";"40298";"NA";"NA";"10.1016/j.jpsychires.2010.03.013";"2";"NA";"yes";"?";"yes";"yes";"yes";"yes";"yes";NA;"1";"NA";"NA";"NA";NA
"117";20147889;"Amygdala transcriptome and cellular mechanisms underlying stress-enhanced fear learning in a rat model of posttraumatic stress disorder";"Ponomarev I, Rau V, Eger EI, Harris RA, Fanselow MS.";"Version 2. Neuropsychopharmacology. 2010 May;35(6):1402-11. doi: 10.1038/npp.2010.10. Epub 2010 Feb 10.";"Ponomarev I";"Neuropsychopharmacology";"2010";"40221";"PMC3040562";"NIHMS267938";"10.1038/npp.2010.10";"2";"moleculs in amy after trauma (rat)";"yes (SEFL)";"yes";"yes";"yes";"yes";"yes";"yes";"yes";"1";"no";"1";"NA";"day 0 15fs SEFL (en HC) context B,  day 23 shock ctxB, day 24 test ctx B; day 25 test ctxA. (= ptsd+hc & fc & SR)"
"118";20129764;"Mapping the brain pathways of traumatic memory: inactivation of protein kinase M zeta in different brain regions disrupts traumatic memory processes and attenuates traumatic stress responses in rats";"Cohen H, Kozlovsky N, Matar MA, Kaplan Z, Zohar J.";"Eur Neuropsychopharmacol. 2010 Apr;20(4):253-71. doi: 10.1016/j.euroneuro.2009.12.006. Epub 2010 Feb 2.";"Cohen H";"Eur Neuropsychopharmacol";"2010";"40214";"NA";"NA";"10.1016/j.euroneuro.2009.12.006";"2";"NA";"yes";"?";"yes";"yes";"yes (SR)";"yes";"yes";NA;"1";"maybe?";"NA";"NA";NA
"119";20092675;"Changes of Bax, Bcl-2 and apoptosis in hippocampus in the rat model of post-traumatic stress disorder";"Li X, Han F, Liu D, Shi Y.";"Neurol Res. 2010 Jul;32(6):579-86. doi: 10.1179/016164110X12556180206194. Epub 2010 Jan 21.";"Li X";"Neurol Res";"2010";"40201";"NA";"NA";"10.1179/016164110X12556180206194";"2";"NA";"yes";"?";"yes";"yes";"yes";"yes";"yes";NA;"1";"NA";"NA";"NA";NA
"120";19703496;"Consequences of extinction training on associative and non-associative fear in a mouse model of Posttraumatic Stress Disorder (PTSD)";"Golub Y, Mauch CP, Dahlhoff M, Wotjak CT.";"Behav Brain Res. 2009 Dec 28;205(2):544-9. doi: 10.1016/j.bbr.2009.08.019. Epub 2009 Aug 22.";"Golub Y";"Behav Brain Res";"2009";"40051";"NA";"NA";"10.1016/j.bbr.2009.08.019";"2";"""ÔªøPTSD symptoms can be tracked back to pathologically modified associative fear, hyperarousal and a time-dependent fear generalization""; fear contextualization & generalization";"yes";"?";"yes";"yes";"yes";"yes";"yes";NA;"1";"NA";"NA";"NA";NA
"121";19537923;"Quetiapine ameliorates anxiety-like behavior and cognitive impairments in stressed rats: implications for the treatment of posttraumatic stress disorder";"Wang HN, Peng Y, Tan QR, Chen YC, Zhang RG, Qiao YT, Wang HH, Liu L, Kuang F, Wang BR, Zhang ZJ.";"Physiol Res. 2010;59(2):263-71. Epub 2009 Jun 19.";"Wang HN";"Physiol Res";"2010";"39987";"NA";"NA";"NA";"2";"NA";"yes";"?";"yes";"yes";"yes";"yes";"yes";NA;"1";"NA";"NA";"NA";NA
"122";19212264;"Isoflurane suppresses stress-enhanced fear learning in a rodent model of post-traumatic stress disorder";"Rau V, Oh I, Laster M, Eger EI 2nd, Fanselow MS.";"Anesthesiology. 2009 Mar;110(3):487-95. doi: 10.1097/ALN.0b013e3181974f3e.";"Rau V";"Anesthesiology";"2009";"39857";"PMC2803013";"NIHMS117907";"10.1097/ALN.0b013e3181974f3e";"2";"SEFL + isofloraan";"yes (SEFL)";"yes";"yes";"yes";"yes SEFL";"yes";"yes";"yes";"1";"no";"1";"sefl";"15x FS, then fc; also control group"
"123";17644267;"Glucocorticoid receptor activation is involved in producing abnormal phenotypes of single-prolonged stress rats: a putative post-traumatic stress disorder model";"Kohda K, Harada K, Kato K, Hoshino A, Motohashi J, Yamaji T, Morinobu S, Matsuoka N, Kato N.";"Neuroscience. 2007 Aug 10;148(1):22-33. doi: 10.1016/j.neuroscience.2007.05.041. Epub 2007 Jul 17.";"Kohda K";"Neuroscience";"2007";"39287";"NA";"NA";"10.1016/j.neuroscience.2007.05.041";"2";"characterisation SPS (behavior, endo, ephys)";"yes";"?";"yes";"yes";"yes";"yes";"yes";NA;"1";"NA";"NA";"NA";NA
"124";17335785;"Long lasting sex-specific effects upon behavior and S100b levels after maternal separation and exposure to a model of post-traumatic stress disorder in rats";"Diehl LA, Silveira PP, Leite MC, Crema LM, Portella AK, Billodre MN, Nunes E, Henriques TP, Fidelix-da-Silva LB, Heis MD, Gon‚àö√üalves CA, Quillfeldt JA, Dalmaz C.";"Brain Res. 2007 May 4;1144:107-16. doi: 10.1016/j.brainres.2007.01.084. Epub 2007 Jan 30.";"Diehl LA";"Brain Res";"2007";"39147";"NA";"NA";"10.1016/j.brainres.2007.01.084";"2";"NA & ELS?";"yes (also ptsd without els groups)";"yes";"yes";"yes";"yes (SR)";"yes";"yes";"yes";"1";"no";"1";"also ptsd alone (or only ptsd + ELS)";"also no els group"
"125";17207472;"Persistent disruption of a traumatic memory by postretrieval inactivation of glucocorticoid receptors in the amygdala";"Tronel S, Alberini CM.";"Biol Psychiatry. 2007 Jul 1;62(1):33-9. doi: 10.1016/j.biopsych.2006.09.009. Epub 2007 Jan 3.";"Tronel S";"Biol Psychiatry";"2007";"39091";"PMC1978220";"NIHMS25974";"10.1016/j.biopsych.2006.09.009";"2";"farmacological retrieval disruption";"yes";"?";"yes";"yes";"yes";"yes";"yes";NA;"1";"NA";"NA";"NA";NA
"126";17049568;"Hyperarousal does not depend on trauma-related contextual memory in an animal model of Posttraumatic Stress Disorder";"Siegmund A, Wotjak CT.";"Physiol Behav. 2007 Jan 30;90(1):103-7. doi: 10.1016/j.physbeh.2006.08.032. Epub 2006 Oct 17.";"Siegmund A";"Physiol Behav";"2007";"39010";"NA";"NA";"10.1016/j.physbeh.2006.08.032";"2";"relatie fear sensitizatie en generalizatie";"yes (FC)";"?";"yes";"yes";"yes";"yes";"yes";NA;"1";"NA";"NA";"amp fc?";NA
"127";17034840;"The effects of chronic valproate and diazepam in a mouse model of posttraumatic stress disorder";"Li S, Murakami Y, Wang M, Maeda K, Matsumoto K.";"Pharmacol Biochem Behav. 2006 Oct;85(2):324-31. doi: 10.1016/j.pbb.2006.08.015. Epub 2006 Oct 10.";"Li S";"Pharmacol Biochem Behav";"2006";"39003";"NA";"NA";"10.1016/j.pbb.2006.08.015";"2";"NA";"yes";"?";"yes";"yes";"yes";"yes";"yes";NA;"1";"NA";"NA";"NA";NA
"128";16735032;"Anisomycin, a protein synthesis inhibitor, disrupts traumatic memory consolidation and attenuates posttraumatic stress response in rats";"Cohen H, Kaplan Z, Matar MA, Loewenthal U, Kozlovsky N, Zohar J.";"Biol Psychiatry. 2006 Oct 1;60(7):767-76. doi: 10.1016/j.biopsych.2006.03.013. Epub 2006 Jun 2.";"Cohen H";"Biol Psychiatry";"2006";"38869";"NA";"NA";"10.1016/j.biopsych.2006.03.013";"2";"NA";"yes";"?";"yes";"yes";"yes (SR)";"yes";"yes";NA;"1";"NA";"NA";"NA";NA
"129";16458266;"Blunted HPA axis response to stress influences susceptibility to posttraumatic stress response in rats";"Cohen H, Zohar J, Gidron Y, Matar MA, Belkind D, Loewenthal U, Kozlovsky N, Kaplan Z.";"Biol Psychiatry. 2006 Jun 15;59(12):1208-18. doi: 10.1016/j.biopsych.2005.12.003. Epub 2006 Feb 3.";"Cohen H";"Biol Psychiatry";"2006";"38755";"NA";"NA";"10.1016/j.biopsych.2005.12.003";"2";"cort pre trauma; in different strains";"yes";"?";"yes";"yes";"yes";"yes";"yes";NA;"1";"yes";"NA";"NA";NA
"130";15694111;"Long-term behavioural alterations in female rats after a single intense footshock followed by situational reminders";"Louvart H, Maccari S, Ducrocq F, Thomas P, Darnaud‚àö¬©ry M.";"Psychoneuroendocrinology. 2005 May;30(4):316-24. doi: 10.1016/j.psyneuen.2004.09.003. Epub 2004 Dec 2.";"Louvart H";"Psychoneuroendocrinology";"2005";"38391";"NA";"NA";"10.1016/j.psyneuen.2004.09.003";"2";"NA";"yes";"?";"yes";"yes";"yes (SR)";"yes";"yes";NA;"1";"NA";"NA";"NA";NA
"131";12914970;"Endocrine, cognitive and hippocampal/cortical 5HT 1A/2A receptor changes evoked by a time-dependent sensitisation (TDS) stress model in rats";"Harvey BH, Naciti C, Brand L, Stein DJ.";"Brain Res. 2003 Sep 5;983(1-2):97-107. doi: 10.1016/s0006-8993(03)03033-6.";"Harvey BH";"Brain Res";"2003";"37847";"NA";"NA";"10.1016/s0006-8993(03)03033-6";"2";"NA";"yes";"?";"yes";"yes";"yes";"yes";"yes";NA;"1";"NA";"NA";"time-dependent sensitization ptsd model?";NA
"132";12644351;"The relevance of differential response to trauma in an animal model of posttraumatic stress disorder";"Cohen H, Zohar J, Matar M.";"Biol Psychiatry. 2003 Mar 15;53(6):463-73. doi: 10.1016/s0006-3223(02)01909-1.";"Cohen H";"Biol Psychiatry";"2003";"37700";"NA";"NA";"10.1016/s0006-3223(02)01909-1";"2";"introductie cbc";"yes";"?";"yes";"yes";"yes";"yes";"yes";NA;"1";"yes";"1";"in full tekst gezien dat MWM is afgenomen";NA
"133";NA;NA;NA;NA;NA;NA;NA;NA;NA;NA;NA;NA;NA;NA;NA;NA;NA;NA;NA;NA;NA;"126";NA;NA;NA;NA
